DATETIME,HGM
2012-02-20,40.0
2012-02-21,43.875
2012-02-22,61.17391304347826
2012-02-23,46.083333333333336
2012-02-24,43.208333333333336
2012-02-25,65.375
2012-02-26,57.130434782608695
2012-02-27,32.5
2012-02-28,58.63636363636363
2012-02-29,64.08695652173913
2012-03-01,74.20833333333333
2012-03-02,80.125
2012-03-03,80.41666666666667
2012-03-04,44.18181818181818
2012-03-05,61.5
2012-03-06,60.208333333333336
2012-03-07,57.958333333333336
2012-03-08,58.38095238095238
2012-03-09,71.0
2012-03-10,62.47826086956522
2012-03-11,44.18181818181818
2012-03-12,38.69565217391305
2012-03-13,43.083333333333336
2012-03-14,54.09090909090909
2012-03-15,59.47826086956522
2012-03-16,56.18181818181818
2012-03-17,61.708333333333336
2012-03-18,53.416666666666664
2012-03-19,39.09090909090909
2012-03-20,36.130434782608695
2012-03-21,36.47826086956522
2012-03-22,35.52173913043478
2012-03-23,58.30434782608695
2012-03-24,68.625
2012-03-25,41.625
2012-03-26,50.291666666666664
2012-03-27,51.916666666666664
2012-03-28,50.90909090909091
2012-03-29,65.875
2012-03-30,64.125
2012-03-31,62.86363636363637
2012-04-01,48.56521739130435
2012-04-02,44.73913043478261
2012-04-03,33.375
2012-04-04,48.73913043478261
2012-04-05,42.2
2012-04-06,30.17391304347826
2012-04-07,39.21739130434783
2012-04-08,62.95
2012-04-09,66.54545454545455
2012-04-10,64.23809523809524
2012-04-11,64.23809523809524
2012-04-12,51.59090909090909
2012-04-13,51.0
2012-04-14,52.18181818181818
2012-04-15,42.08695652173913
2012-04-16,54.166666666666664
2012-04-17,53.94444444444444
2012-04-18,58.78947368421053
2012-04-19,58.375
2012-04-20,64.83333333333333
2012-04-21,52.78260869565217
2012-04-22,31.875
2012-04-23,39.56521739130435
2012-04-24,40.75
2012-04-25,33.68181818181818
2012-04-26,46.583333333333336
2012-04-27,70.41666666666667
2012-04-28,87.0
2012-04-29,90.125
2012-04-30,75.70833333333333
2012-05-01,57.083333333333336
2012-05-02,61.125
2012-05-03,73.625
2012-05-04,68.66666666666667
2012-05-05,63.31818181818182
2012-05-06,57.08695652173913
2012-05-07,79.66666666666667
2012-05-08,
2012-05-09,
2012-05-10,
2012-05-11,
2012-05-12,
2012-05-13,22.0
2012-05-14,40.888888888888886
2012-05-15,50.68181818181818
2012-05-16,44.888888888888886
2012-05-17,59.541666666666664
2012-05-18,41.869565217391305
2012-05-19,47.166666666666664
2012-05-20,42.041666666666664
2012-05-21,43.8125
2012-05-22,37.130434782608695
2012-05-23,45.166666666666664
2012-05-24,59.75
2012-05-25,65.78260869565217
2012-05-26,65.95833333333333
2012-05-27,53.30434782608695
2012-05-28,50.5
2012-05-29,50.125
2012-05-30,48.68181818181818
2012-05-31,53.625
2012-06-01,50.333333333333336
2012-06-02,50.166666666666664
2012-06-03,29.708333333333332
2012-06-04,43.291666666666664
2012-06-05,52.333333333333336
2012-06-06,47.0
2012-06-07,46.25
2012-06-08,49.833333333333336
2012-06-09,57.95652173913044
2012-06-10,33.958333333333336
2012-06-11,46.34782608695652
2012-06-12,44.95
2012-06-13,43.125
2012-06-14,45.36363636363637
2012-06-15,43.44444444444444
2012-06-16,
2012-06-17,16.473684210526315
2012-06-18,28.77777777777778
2012-06-19,42.166666666666664
2012-06-20,27.428571428571427
2012-06-21,30.352941176470587
2012-06-22,42.26315789473684
2012-06-23,38.0
2012-06-24,35.23529411764706
2012-06-25,26.058823529411764
2012-06-26,32.833333333333336
2012-06-27,36.666666666666664
2012-06-28,28.058823529411764
2012-06-29,41.94117647058823
2012-06-30,38.375
2012-07-01,26.166666666666668
2012-07-02,36.21739130434783
2012-07-03,35.95652173913044
2012-07-04,48.65217391304348
2012-07-05,43.08695652173913
2012-07-06,41.54545454545455
2012-07-07,33.833333333333336
2012-07-08,32.666666666666664
2012-07-09,28.19047619047619
2012-07-10,28.545454545454547
2012-07-11,27.470588235294116
2012-07-12,31.0
2012-07-13,33.65
2012-07-14,36.125
2012-07-15,24.35
2012-07-16,18.5
2012-07-17,33.81818181818182
2012-07-18,40.72727272727273
2012-07-19,46.26315789473684
2012-07-20,37.82608695652174
2012-07-21,33.0
2012-07-22,25.318181818181817
2012-07-23,28.52173913043478
2012-07-24,38.13636363636363
2012-07-25,49.89473684210526
2012-07-26,42.38095238095238
2012-07-27,54.869565217391305
2012-07-28,40.705882352941174
2012-07-29,30.6
2012-07-30,44.55
2012-07-31,71.22727272727273
2012-08-01,41.578947368421055
2012-08-02,44.63636363636363
2012-08-03,46.611111111111114
2012-08-04,67.45454545454545
2012-08-05,35.94117647058823
2012-08-06,24.823529411764707
2012-08-07,43.56521739130435
2012-08-08,39.291666666666664
2012-08-09,29.761904761904763
2012-08-10,18.85
2012-08-11,30.782608695652176
2012-08-12,23.476190476190474
2012-08-13,26.08695652173913
2012-08-14,33.75
2012-08-15,48.333333333333336
2012-08-16,51.54545454545455
2012-08-17,35.64705882352941
2012-08-18,25.652173913043477
2012-08-19,19.526315789473685
2012-08-20,34.666666666666664
2012-08-21,28.0
2012-08-22,52.95652173913044
2012-08-23,49.375
2012-08-24,41.8
2012-08-25,30.63157894736842
2012-08-26,34.31818181818182
2012-08-27,30.176470588235293
2012-08-28,40.10526315789474
2012-08-29,41.4
2012-08-30,43.1875
2012-08-31,47.3
2012-09-01,34.05555555555556
2012-09-02,28.157894736842106
2012-09-03,38.76190476190476
2012-09-04,43.041666666666664
2012-09-05,38.72727272727273
2012-09-06,40.30434782608695
2012-09-07,47.708333333333336
2012-09-08,51.625
2012-09-09,29.4
2012-09-10,26.7
2012-09-11,24.0
2012-09-12,30.142857142857142
2012-09-13,54.875
2012-09-14,44.91304347826087
2012-09-15,28.4
2012-09-16,37.166666666666664
2012-09-17,53.142857142857146
2012-09-18,37.22727272727273
2012-09-19,28.157894736842106
2012-09-20,25.40909090909091
2012-09-21,48.130434782608695
2012-09-22,36.5
2012-09-23,21.68421052631579
2012-09-24,24.31578947368421
2012-09-25,26.0
2012-09-26,34.333333333333336
2012-09-27,41.13636363636363
2012-09-28,40.166666666666664
2012-09-29,47.833333333333336
2012-09-30,50.958333333333336
2012-10-01,40.82608695652174
2012-10-02,23.526315789473685
2012-10-03,32.25
2012-10-04,42.333333333333336
2012-10-05,42.56521739130435
2012-10-06,43.625
2012-10-07,33.47826086956522
2012-10-08,21.0
2012-10-09,29.65
2012-10-10,33.4
2012-10-11,32.9375
2012-10-12,24.142857142857142
2012-10-13,34.473684210526315
2012-10-14,26.77777777777778
2012-10-15,42.875
2012-10-16,58.333333333333336
2012-10-17,64.95833333333333
2012-10-18,64.94117647058823
2012-10-19,59.18181818181818
2012-10-20,53.23809523809524
2012-10-21,31.916666666666668
2012-10-22,49.666666666666664
2012-10-23,63.904761904761905
2012-10-24,39.0
2012-10-25,50.416666666666664
2012-10-26,58.36363636363637
2012-10-27,39.958333333333336
2012-10-28,51.69565217391305
2012-10-29,39.2
2012-10-30,48.791666666666664
2012-10-31,45.130434782608695
2012-11-01,50.77272727272727
2012-11-02,52.875
2012-11-03,35.47826086956522
2012-11-04,35.17391304347826
2012-11-05,46.916666666666664
2012-11-06,36.04347826086956
2012-11-07,39.666666666666664
2012-11-08,49.5
2012-11-09,67.54166666666667
2012-11-10,76.83333333333333
2012-11-11,81.95833333333333
2012-11-12,61.714285714285715
2012-11-13,34.26315789473684
2012-11-14,44.78260869565217
2012-11-15,35.36842105263158
2012-11-16,65.52631578947368
2012-11-17,48.473684210526315
2012-11-18,45.285714285714285
2012-11-19,34.40909090909091
2012-11-20,53.38461538461539
2012-11-21,
2012-11-22,
2012-11-23,57.44444444444444
2012-11-24,39.083333333333336
2012-11-25,51.958333333333336
2012-11-26,71.73913043478261
2012-11-27,64.58333333333333
2012-11-28,65.95833333333333
2012-11-29,61.708333333333336
2012-11-30,61.34782608695652
2012-12-01,62.25
2012-12-02,58.0
2012-12-03,59.166666666666664
2012-12-04,54.34782608695652
2012-12-05,50.75
2012-12-06,66.45833333333333
2012-12-07,83.70833333333333
2012-12-08,73.91666666666667
2012-12-09,64.625
2012-12-10,72.16666666666667
2012-12-11,54.08695652173913
2012-12-12,55.666666666666664
2012-12-13,67.16666666666667
2012-12-14,92.375
2012-12-15,86.66666666666667
2012-12-16,82.86666666666666
2012-12-17,78.0
2012-12-18,92.16666666666667
2012-12-19,56.111111111111114
2012-12-20,92.5
2012-12-21,71.34782608695652
2012-12-22,90.20833333333333
2012-12-23,91.66666666666667
2012-12-24,74.54166666666667
2012-12-25,99.17391304347827
2012-12-26,43.04761904761905
2012-12-27,61.0
2012-12-28,55.476190476190474
2012-12-29,84.0
2012-12-30,45.095238095238095
2012-12-31,31.095238095238095
2013-01-01,79.57142857142857
2013-01-02,42.88235294117647
2013-01-03,55.523809523809526
2013-01-04,85.0
2013-01-05,68.73913043478261
2013-01-06,59.30434782608695
2013-01-07,92.8695652173913
2013-01-08,38.523809523809526
2013-01-09,22.095238095238095
2013-01-10,52.578947368421055
2013-01-11,64.3
2013-01-12,64.91666666666667
2013-01-13,48.81818181818182
2013-01-14,46.80952380952381
2013-01-15,60.666666666666664
2013-01-16,68.95454545454545
2013-01-17,66.18181818181819
2013-01-18,73.66666666666667
2013-01-19,67.30434782608695
2013-01-20,56.041666666666664
2013-01-21,54.833333333333336
2013-01-22,62.0
2013-01-23,59.708333333333336
2013-01-24,50.40909090909091
2013-01-25,69.625
2013-01-26,62.21739130434783
2013-01-27,63.714285714285715
2013-01-28,53.65217391304348
2013-01-29,44.19047619047619
2013-01-30,70.95833333333333
2013-01-31,89.20833333333333
2013-02-01,92.29166666666667
2013-02-02,84.56521739130434
2013-02-03,56.04347826086956
2013-02-04,44.041666666666664
2013-02-05,56.25
2013-02-06,63.04347826086956
2013-02-07,67.375
2013-02-08,68.47619047619048
2013-02-09,59.375
2013-02-10,42.333333333333336
2013-02-11,45.81818181818182
2013-02-12,49.65217391304348
2013-02-13,52.78260869565217
2013-02-14,48.6
2013-02-15,60.125
2013-02-16,62.95652173913044
2013-02-17,51.52173913043478
2013-02-18,60.4
2013-02-19,62.45454545454545
2013-02-20,58.714285714285715
2013-02-21,54.47826086956522
2013-02-22,47.18181818181818
2013-02-23,56.916666666666664
2013-02-24,45.86363636363637
2013-02-25,54.42857142857143
2013-02-26,60.47826086956522
2013-02-27,51.68181818181818
2013-02-28,70.42857142857143
2013-03-01,106.30434782608695
2013-03-02,33.666666666666664
2013-03-03,45.625
2013-03-04,71.91666666666667
2013-03-05,100.78260869565217
2013-03-06,78.5
2013-03-07,78.83333333333333
2013-03-08,70.625
2013-03-09,65.83333333333333
2013-03-10,43.7
2013-03-11,46.42857142857143
2013-03-12,46.13636363636363
2013-03-13,67.29166666666667
2013-03-14,71.08333333333333
2013-03-15,58.541666666666664
2013-03-16,18.82608695652174
2013-03-17,23.8
2013-03-18,32.73913043478261
2013-03-19,56.666666666666664
2013-03-20,76.58333333333333
2013-03-21,68.4090909090909
2013-03-22,56.75
2013-03-23,26.818181818181817
2013-03-24,48.04545454545455
2013-03-25,80.18181818181819
2013-03-26,80.0
2013-03-27,47.86363636363637
2013-03-28,60.05
2013-03-29,57.47826086956522
2013-03-30,52.94444444444444
2013-03-31,50.57142857142857
2013-04-01,49.52173913043478
2013-04-02,51.95454545454545
2013-04-03,55.333333333333336
2013-04-04,70.08333333333333
2013-04-05,68.79166666666667
2013-04-06,63.91304347826087
2013-04-07,51.04545454545455
2013-04-08,45.869565217391305
2013-04-09,47.73913043478261
2013-04-10,54.95238095238095
2013-04-11,57.458333333333336
2013-04-12,52.25
2013-04-13,46.375
2013-04-14,49.473684210526315
2013-04-15,72.3913043478261
2013-04-16,82.625
2013-04-17,80.85
2013-04-18,74.23809523809524
2013-04-19,91.16666666666667
2013-04-20,87.875
2013-04-21,69.95833333333333
2013-04-22,81.70833333333333
2013-04-23,75.91666666666667
2013-04-24,69.45833333333333
2013-04-25,47.166666666666664
2013-04-26,66.5
2013-04-27,67.29166666666667
2013-04-28,50.08695652173913
2013-04-29,68.77272727272727
2013-04-30,45.08695652173913
2013-05-01,64.0
2013-05-02,84.45833333333333
2013-05-03,56.05
2013-05-04,85.04166666666667
2013-05-05,65.68181818181819
2013-05-06,82.875
2013-05-07,96.08333333333333
2013-05-08,85.04166666666667
2013-05-09,96.75
2013-05-10,89.75
2013-05-11,99.375
2013-05-12,70.20833333333333
2013-05-13,33.791666666666664
2013-05-14,37.833333333333336
2013-05-15,65.95833333333333
2013-05-16,53.375
2013-05-17,54.21739130434783
2013-05-18,41.375
2013-05-19,47.458333333333336
2013-05-20,42.130434782608695
2013-05-21,57.041666666666664
2013-05-22,63.608695652173914
2013-05-23,42.875
2013-05-24,53.68181818181818
2013-05-25,51.791666666666664
2013-05-26,34.125
2013-05-27,35.08695652173913
2013-05-28,50.333333333333336
2013-05-29,53.21739130434783
2013-05-30,48.73913043478261
2013-05-31,52.35294117647059
2013-06-01,51.40909090909091
2013-06-02,35.23809523809524
2013-06-03,31.09090909090909
2013-06-04,45.34782608695652
2013-06-05,50.041666666666664
2013-06-06,63.083333333333336
2013-06-07,60.416666666666664
2013-06-08,55.35
2013-06-09,44.583333333333336
2013-06-10,56.041666666666664
2013-06-11,57.916666666666664
2013-06-12,44.833333333333336
2013-06-13,50.476190476190474
2013-06-14,53.75
2013-06-15,53.416666666666664
2013-06-16,41.857142857142854
2013-06-17,47.63636363636363
2013-06-18,54.333333333333336
2013-06-19,29.61904761904762
2013-06-20,12.55
2013-06-21,21.416666666666668
2013-06-22,24.916666666666668
2013-06-23,20.818181818181817
2013-06-24,32.30434782608695
2013-06-25,36.81818181818182
2013-06-26,40.27272727272727
2013-06-27,47.523809523809526
2013-06-28,38.95
2013-06-29,40.04347826086956
2013-06-30,32.6
2013-07-01,33.8235294117647
2013-07-02,37.21739130434783
2013-07-03,31.681818181818183
2013-07-04,45.375
2013-07-05,26.041666666666668
2013-07-06,11.25
2013-07-07,10.8
2013-07-08,31.636363636363637
2013-07-09,37.73913043478261
2013-07-10,32.69565217391305
2013-07-11,24.772727272727273
2013-07-12,33.17391304347826
2013-07-13,33.958333333333336
2013-07-14,25.791666666666668
2013-07-15,36.608695652173914
2013-07-16,30.85
2013-07-17,28.17391304347826
2013-07-18,43.583333333333336
2013-07-19,31.208333333333332
2013-07-20,26.833333333333332
2013-07-21,25.26086956521739
2013-07-22,37.166666666666664
2013-07-23,30.176470588235293
2013-07-24,44.42857142857143
2013-07-25,35.17391304347826
2013-07-26,42.95454545454545
2013-07-27,49.666666666666664
2013-07-28,34.421052631578945
2013-07-29,43.64705882352941
2013-07-30,52.42857142857143
2013-07-31,38.94736842105263
2013-08-01,33.43478260869565
2013-08-02,34.65
2013-08-03,29.954545454545453
2013-08-04,28.695652173913043
2013-08-05,37.608695652173914
2013-08-06,51.666666666666664
2013-08-07,46.04545454545455
2013-08-08,53.416666666666664
2013-08-09,46.52173913043478
2013-08-10,43.083333333333336
2013-08-11,18.272727272727273
2013-08-12,38.72727272727273
2013-08-13,
2013-08-14,
2013-08-15,
2013-08-16,
2013-08-17,
2013-08-18,
2013-08-19,
2013-08-20,25.0
2013-08-21,31.958333333333332
2013-08-22,40.208333333333336
2013-08-23,25.304347826086957
2013-08-24,22.08695652173913
2013-08-25,11.222222222222221
2013-08-26,22.863636363636363
2013-08-27,16.263157894736842
2013-08-28,30.61904761904762
2013-08-29,25.434782608695652
2013-08-30,35.75
2013-08-31,35.916666666666664
2013-09-01,28.941176470588236
2013-09-02,25.375
2013-09-03,32.541666666666664
2013-09-04,24.47826086956522
2013-09-05,22.863636363636363
2013-09-06,27.5
2013-09-07,33.666666666666664
2013-09-08,30.916666666666668
2013-09-09,27.916666666666668
2013-09-10,40.26086956521739
2013-09-11,20.5
2013-09-12,17.58823529411765
2013-09-13,13.3
2013-09-14,21.041666666666668
2013-09-15,12.409090909090908
2013-09-16,14.583333333333334
2013-09-17,32.15
2013-09-18,31.833333333333332
2013-09-19,26.80952380952381
2013-09-20,36.416666666666664
2013-09-21,27.916666666666668
2013-09-22,11.916666666666666
2013-09-23,
2013-09-24,
2013-09-25,
2013-09-26,
2013-09-27,23.176470588235293
2013-09-28,36.708333333333336
2013-09-29,31.0
2013-09-30,43.208333333333336
2013-10-01,44.26086956521739
2013-10-02,48.78260869565217
2013-10-03,
2013-10-04,
2013-10-05,
2013-10-06,
2013-10-07,
2013-10-08,20.0
2013-10-09,49.95454545454545
2013-10-10,36.47826086956522
2013-10-11,34.65217391304348
2013-10-12,40.583333333333336
2013-10-13,24.869565217391305
2013-10-14,34.0
2013-10-15,52.625
2013-10-16,59.333333333333336
2013-10-17,57.333333333333336
2013-10-18,67.79166666666667
2013-10-19,36.458333333333336
2013-10-20,26.5
2013-10-21,25.47826086956522
2013-10-22,31.565217391304348
2013-10-23,25.333333333333332
2013-10-24,49.125
2013-10-25,40.5
2013-10-26,22.714285714285715
2013-10-27,17.42105263157895
2013-10-28,34.0
2013-10-29,35.041666666666664
2013-10-30,27.545454545454547
2013-10-31,30.0
2013-11-01,47.75
2013-11-02,32.78260869565217
2013-11-03,28.73913043478261
2013-11-04,36.541666666666664
2013-11-05,41.89473684210526
2013-11-06,48.0
2013-11-07,32.523809523809526
2013-11-08,29.347826086956523
2013-11-09,49.541666666666664
2013-11-10,37.0
2013-11-11,25.666666666666668
2013-11-12,19.761904761904763
2013-11-13,22.714285714285715
2013-11-14,45.869565217391305
2013-11-15,59.958333333333336
2013-11-16,37.608695652173914
2013-11-17,33.875
2013-11-18,32.916666666666664
2013-11-19,47.666666666666664
2013-11-20,37.333333333333336
2013-11-21,48.166666666666664
2013-11-22,53.5
2013-11-23,32.76190476190476
2013-11-24,66.41666666666667
2013-11-25,52.416666666666664
2013-11-26,27.045454545454547
2013-11-27,57.208333333333336
2013-11-28,64.54166666666667
2013-11-29,67.41666666666667
2013-11-30,77.08333333333333
2013-12-01,72.16666666666667
2013-12-02,72.75
2013-12-03,75.29166666666667
2013-12-04,64.45833333333333
2013-12-05,59.25
2013-12-06,59.541666666666664
2013-12-07,52.0
2013-12-08,36.5
2013-12-09,44.583333333333336
2013-12-10,55.45
2013-12-11,58.375
2013-12-12,28.473684210526315
2013-12-13,44.458333333333336
2013-12-14,59.208333333333336
2013-12-15,52.208333333333336
2013-12-16,53.791666666666664
2013-12-17,61.25
2013-12-18,56.875
2013-12-19,60.416666666666664
2013-12-20,59.833333333333336
2013-12-21,29.40909090909091
2013-12-22,35.34782608695652
2013-12-23,54.69565217391305
2013-12-24,68.54166666666667
2013-12-25,90.95652173913044
2013-12-26,37.68181818181818
2013-12-27,49.291666666666664
2013-12-28,33.9
2013-12-29,25.333333333333332
2013-12-30,39.05882352941177
2013-12-31,52.291666666666664
2014-01-01,85.25
2014-01-02,44.291666666666664
2014-01-03,35.0
2014-01-04,48.208333333333336
2014-01-05,52.416666666666664
2014-01-06,47.583333333333336
2014-01-07,71.66666666666667
2014-01-08,84.79166666666667
2014-01-09,49.958333333333336
2014-01-10,53.526315789473685
2014-01-11,50.583333333333336
2014-01-12,35.833333333333336
2014-01-13,54.583333333333336
2014-01-14,45.583333333333336
2014-01-15,40.666666666666664
2014-01-16,66.04166666666667
2014-01-17,57.583333333333336
2014-01-18,59.541666666666664
2014-01-19,54.416666666666664
2014-01-20,65.95833333333333
2014-01-21,50.69565217391305
2014-01-22,73.04166666666667
2014-01-23,85.29166666666667
2014-01-24,59.666666666666664
2014-01-25,69.875
2014-01-26,50.125
2014-01-27,60.75
2014-01-28,53.833333333333336
2014-01-29,42.666666666666664
2014-01-30,54.833333333333336
2014-01-31,69.54166666666667
2014-02-01,59.125
2014-02-02,59.25
2014-02-03,48.791666666666664
2014-02-04,52.208333333333336
2014-02-05,67.29166666666667
2014-02-06,66.875
2014-02-07,67.72727272727273
2014-02-08,56.166666666666664
2014-02-09,40.166666666666664
2014-02-10,50.47826086956522
2014-02-11,42.916666666666664
2014-02-12,50.541666666666664
2014-02-13,60.166666666666664
2014-02-14,66.88888888888889
2014-02-15,42.26086956521739
2014-02-16,45.130434782608695
2014-02-17,60.666666666666664
2014-02-18,65.45833333333333
2014-02-19,73.5
2014-02-20,75.63157894736842
2014-02-21,70.0
2014-02-22,61.541666666666664
2014-02-23,57.25
2014-02-24,58.333333333333336
2014-02-25,78.25
2014-02-26,67.33333333333333
2014-02-27,59.916666666666664
2014-02-28,49.458333333333336
2014-03-01,55.083333333333336
2014-03-02,44.458333333333336
2014-03-03,59.583333333333336
2014-03-04,38.833333333333336
2014-03-05,31.166666666666668
2014-03-06,45.333333333333336
2014-03-07,43.25
2014-03-08,32.72727272727273
2014-03-09,23.9
2014-03-10,22.666666666666668
2014-03-11,30.45
2014-03-12,57.125
2014-03-13,51.25
2014-03-14,48.666666666666664
2014-03-15,55.291666666666664
2014-03-16,32.31818181818182
2014-03-17,39.708333333333336
2014-03-18,37.26086956521739
2014-03-19,47.791666666666664
2014-03-20,66.125
2014-03-21,54.458333333333336
2014-03-22,59.333333333333336
2014-03-23,48.5
2014-03-24,48.166666666666664
2014-03-25,56.75
2014-03-26,42.391304347826086
2014-03-27,39.583333333333336
2014-03-28,41.416666666666664
2014-03-29,53.541666666666664
2014-03-30,38.041666666666664
2014-03-31,52.125
2014-04-01,48.958333333333336
2014-04-02,59.333333333333336
2014-04-03,58.375
2014-04-04,52.416666666666664
2014-04-05,44.791666666666664
2014-04-06,39.375
2014-04-07,36.875
2014-04-08,54.208333333333336
2014-04-09,49.708333333333336
2014-04-10,55.916666666666664
2014-04-11,56.958333333333336
2014-04-12,54.416666666666664
2014-04-13,56.958333333333336
2014-04-14,65.0
2014-04-15,43.083333333333336
2014-04-16,53.083333333333336
2014-04-17,36.72222222222222
2014-04-18,33.666666666666664
2014-04-19,30.09090909090909
2014-04-20,28.083333333333332
2014-04-21,36.333333333333336
2014-04-22,31.833333333333332
2014-04-23,43.63636363636363
2014-04-24,44.0
2014-04-25,39.125
2014-04-26,64.33333333333333
2014-04-27,36.25
2014-04-28,42.708333333333336
2014-04-29,46.25
2014-04-30,66.33333333333333
2014-05-01,53.125
2014-05-02,55.27272727272727
2014-05-03,50.0
2014-05-04,36.52173913043478
2014-05-05,48.142857142857146
2014-05-06,49.52173913043478
2014-05-07,73.16666666666667
2014-05-08,57.0
2014-05-09,
2014-05-10,
2014-05-11,
2014-05-12,21.0
2014-05-13,36.916666666666664
2014-05-14,20.818181818181817
2014-05-15,40.666666666666664
2014-05-16,64.38095238095238
2014-05-17,49.095238095238095
2014-05-18,37.19047619047619
2014-05-19,48.95238095238095
2014-05-20,50.0
2014-05-21,61.75
2014-05-22,52.89473684210526
2014-05-23,45.791666666666664
2014-05-24,39.38095238095238
2014-05-25,25.916666666666668
2014-05-26,48.125
2014-05-27,47.125
2014-05-28,35.75
2014-05-29,34.65217391304348
2014-05-30,52.833333333333336
2014-05-31,29.82608695652174
2014-06-01,28.82608695652174
2014-06-02,31.90909090909091
2014-06-03,30.666666666666668
2014-06-04,25.05263157894737
2014-06-05,26.157894736842106
2014-06-06,20.647058823529413
2014-06-07,18.8
2014-06-08,29.833333333333332
2014-06-09,28.318181818181817
2014-06-10,28.61111111111111
2014-06-11,36.27272727272727
2014-06-12,50.125
2014-06-13,43.04545454545455
2014-06-14,52.142857142857146
2014-06-15,44.95454545454545
2014-06-16,40.25
2014-06-17,25.818181818181817
2014-06-18,32.458333333333336
2014-06-19,35.666666666666664
2014-06-20,33.0
2014-06-21,
2014-06-22,
2014-06-23,
2014-06-24,43.857142857142854
2014-06-25,29.3
2014-06-26,28.40909090909091
2014-06-27,31.08695652173913
2014-06-28,23.043478260869566
2014-06-29,30.25
2014-06-30,12.38888888888889
2014-07-01,
2014-07-02,
2014-07-03,
2014-07-04,
2014-07-05,
2014-07-06,
2014-07-07,
2014-07-08,
2014-07-09,
2014-07-10,
2014-07-11,
2014-07-12,
2014-07-13,
2014-07-14,
2014-07-15,
2014-07-16,
2014-07-17,
2014-07-18,30.095238095238095
2014-07-19,25.458333333333332
2014-07-20,33.904761904761905
2014-07-21,28.916666666666668
2014-07-22,36.95238095238095
2014-07-23,31.043478260869566
2014-07-24,34.458333333333336
2014-07-25,46.083333333333336
2014-07-26,39.17391304347826
2014-07-27,43.69565217391305
2014-07-28,39.5
2014-07-29,35.791666666666664
2014-07-30,36.333333333333336
2014-07-31,43.833333333333336
2014-08-01,46.86363636363637
2014-08-02,34.523809523809526
2014-08-03,33.05
2014-08-04,34.791666666666664
2014-08-05,40.904761904761905
2014-08-06,37.42857142857143
2014-08-07,24.583333333333332
2014-08-08,28.458333333333332
2014-08-09,34.916666666666664
2014-08-10,33.75
2014-08-11,24.956521739130434
2014-08-12,24.952380952380953
2014-08-13,25.38095238095238
2014-08-14,34.391304347826086
2014-08-15,39.458333333333336
2014-08-16,34.375
2014-08-17,29.5
2014-08-18,27.47826086956522
2014-08-19,33.833333333333336
2014-08-20,41.04545454545455
2014-08-21,54.45454545454545
2014-08-22,41.95652173913044
2014-08-23,31.833333333333332
2014-08-24,25.3125
2014-08-25,
2014-08-26,35.608695652173914
2014-08-27,34.2
2014-08-28,38.27272727272727
2014-08-29,40.56521739130435
2014-08-30,34.625
2014-08-31,21.47826086956522
2014-09-01,25.166666666666668
2014-09-02,31.208333333333332
2014-09-03,32.958333333333336
2014-09-04,30.375
2014-09-05,40.041666666666664
2014-09-06,37.85
2014-09-07,17.523809523809526
2014-09-08,19.772727272727273
2014-09-09,26.73913043478261
2014-09-10,38.291666666666664
2014-09-11,36.52173913043478
2014-09-12,32.42857142857143
2014-09-13,47.5
2014-09-14,30.666666666666668
2014-09-15,26.125
2014-09-16,16.25
2014-09-17,
2014-09-18,20.0
2014-09-19,34.833333333333336
2014-09-20,40.208333333333336
2014-09-21,26.708333333333332
2014-09-22,22.863636363636363
2014-09-23,20.454545454545453
2014-09-24,24.347826086956523
2014-09-25,27.5
2014-09-26,24.26086956521739
2014-09-27,23.347826086956523
2014-09-28,14.521739130434783
2014-09-29,14.55
2014-09-30,22.130434782608695
2014-10-01,21.904761904761905
2014-10-02,20.956521739130434
2014-10-03,27.523809523809526
2014-10-04,25.82608695652174
2014-10-05,24.666666666666668
2014-10-06,25.391304347826086
2014-10-07,
2014-10-08,38.666666666666664
2014-10-09,31.869565217391305
2014-10-10,41.208333333333336
2014-10-11,57.083333333333336
2014-10-12,45.375
2014-10-13,47.791666666666664
2014-10-14,28.347826086956523
2014-10-15,36.391304347826086
2014-10-16,50.041666666666664
2014-10-17,47.458333333333336
2014-10-18,34.291666666666664
2014-10-19,11.833333333333334
2014-10-20,18.523809523809526
2014-10-21,22.695652173913043
2014-10-22,18.7
2014-10-23,19.363636363636363
2014-10-24,21.047619047619047
2014-10-25,26.545454545454547
2014-10-26,43.0
2014-10-27,49.083333333333336
2014-10-28,52.583333333333336
2014-10-29,61.083333333333336
2014-10-30,52.34782608695652
2014-10-31,31.857142857142858
2014-11-01,
2014-11-02,
2014-11-03,
2014-11-04,
2014-11-05,
2014-11-06,
2014-11-07,
2014-11-08,
2014-11-09,
2014-11-10,
2014-11-11,
2014-11-12,
2014-11-13,
2014-11-14,
2014-11-15,
2014-11-16,
2014-11-17,
2014-11-18,
2014-11-19,
2014-11-20,
2014-11-21,
2014-11-22,
2014-11-23,
2014-11-24,
2014-11-25,
2014-11-26,
2014-11-27,
2014-11-28,
2014-11-29,
2014-11-30,
2014-12-01,
2014-12-02,
2014-12-03,62.82608695652174
2014-12-04,97.95833333333333
2014-12-05,103.25
2014-12-06,85.17391304347827
2014-12-07,31.6
2014-12-08,39.47826086956522
2014-12-09,37.34782608695652
2014-12-10,62.416666666666664
2014-12-11,76.375
2014-12-12,78.91666666666667
2014-12-13,63.208333333333336
2014-12-14,59.041666666666664
2014-12-15,58.5
2014-12-16,60.041666666666664
2014-12-17,64.125
2014-12-18,75.08695652173913
2014-12-19,64.3157894736842
2014-12-20,66.6086956521739
2014-12-21,38.608695652173914
2014-12-22,51.23809523809524
2014-12-23,34.73913043478261
2014-12-24,17.157894736842106
2014-12-25,12.071428571428571
2014-12-26,22.05
2014-12-27,36.65217391304348
2014-12-28,40.0
2014-12-29,54.875
2014-12-30,72.16666666666667
2014-12-31,123.75
2015-01-01,99.22727272727273
2015-01-02,29.47826086956522
2015-01-03,24.0
2015-01-04,38.166666666666664
2015-01-05,35.56521739130435
2015-01-06,46.625
2015-01-07,33.0
2015-01-08,45.05882352941177
2015-01-09,63.625
2015-01-10,44.25
2015-01-11,45.666666666666664
2015-01-12,67.75
2015-01-13,77.41666666666667
2015-01-14,72.91666666666667
2015-01-15,66.54166666666667
2015-01-16,72.20833333333333
2015-01-17,78.125
2015-01-18,54.25
2015-01-19,61.125
2015-01-20,88.95833333333333
2015-01-21,65.875
2015-01-22,44.54545454545455
2015-01-23,44.82608695652174
2015-01-24,54.666666666666664
2015-01-25,54.416666666666664
2015-01-26,45.15
2015-01-27,56.72727272727273
2015-01-28,48.375
2015-01-29,42.3
2015-01-30,
2015-01-31,
2015-02-01,
2015-02-02,
2015-02-03,
2015-02-04,
2015-02-05,60.125
2015-02-06,60.875
2015-02-07,56.208333333333336
2015-02-08,72.625
2015-02-09,55.17391304347826
2015-02-10,59.791666666666664
2015-02-11,72.5
2015-02-12,33.130434782608695
2015-02-13,69.08695652173913
2015-02-14,77.5
2015-02-15,69.08333333333333
2015-02-16,42.608695652173914
2015-02-17,34.91304347826087
2015-02-18,60.916666666666664
2015-02-19,61.09090909090909
2015-02-20,66.95833333333333
2015-02-21,60.333333333333336
2015-02-22,52.13636363636363
2015-02-23,58.36363636363637
2015-02-24,80.04166666666667
2015-02-25,67.6086956521739
2015-02-26,59.285714285714285
2015-02-27,57.30434782608695
2015-02-28,47.0
2015-03-01,55.166666666666664
2015-03-02,62.583333333333336
2015-03-03,71.625
2015-03-04,76.29166666666667
2015-03-05,65.3913043478261
2015-03-06,70.58333333333333
2015-03-07,69.54166666666667
2015-03-08,45.08695652173913
2015-03-09,46.40909090909091
2015-03-10,39.21052631578947
2015-03-11,28.55
2015-03-12,14.708333333333334
2015-03-13,20.75
2015-03-14,23.166666666666668
2015-03-15,28.681818181818183
2015-03-16,29.695652173913043
2015-03-17,35.34782608695652
2015-03-18,38.75
2015-03-19,50.541666666666664
2015-03-20,60.0
2015-03-21,57.869565217391305
2015-03-22,38.708333333333336
2015-03-23,45.208333333333336
2015-03-24,33.833333333333336
2015-03-25,34.791666666666664
2015-03-26,26.0
2015-03-27,39.083333333333336
2015-03-28,25.166666666666668
2015-03-29,20.608695652173914
2015-03-30,33.958333333333336
2015-03-31,51.18181818181818
2015-04-01,54.0
2015-04-02,54.5
2015-04-03,43.42857142857143
2015-04-04,28.318181818181817
2015-04-05,38.291666666666664
2015-04-06,46.73913043478261
2015-04-07,56.869565217391305
2015-04-08,61.208333333333336
2015-04-09,68.41666666666667
2015-04-10,56.333333333333336
2015-04-11,68.33333333333333
2015-04-12,49.041666666666664
2015-04-13,57.958333333333336
2015-04-14,59.416666666666664
2015-04-15,57.416666666666664
2015-04-16,59.0
2015-04-17,65.58333333333333
2015-04-18,49.875
2015-04-19,36.13636363636363
2015-04-20,45.333333333333336
2015-04-21,63.75
2015-04-22,62.708333333333336
2015-04-23,53.083333333333336
2015-04-24,41.458333333333336
2015-04-25,53.375
2015-04-26,50.458333333333336
2015-04-27,44.0
2015-04-28,63.04545454545455
2015-04-29,58.73913043478261
2015-04-30,41.791666666666664
2015-05-01,43.52173913043478
2015-05-02,47.416666666666664
2015-05-03,40.083333333333336
2015-05-04,50.25
2015-05-05,45.125
2015-05-06,47.666666666666664
2015-05-07,34.04347826086956
2015-05-08,28.25
2015-05-09,38.6875
2015-05-10,49.75
2015-05-11,36.875
2015-05-12,36.875
2015-05-13,43.0
2015-05-14,33.291666666666664
2015-05-15,42.291666666666664
2015-05-16,42.875
2015-05-17,33.583333333333336
2015-05-18,40.875
2015-05-19,56.166666666666664
2015-05-20,51.583333333333336
2015-05-21,47.375
2015-05-22,32.541666666666664
2015-05-23,47.083333333333336
2015-05-24,36.583333333333336
2015-05-25,35.608695652173914
2015-05-26,31.958333333333332
2015-05-27,51.666666666666664
2015-05-28,43.125
2015-05-29,58.916666666666664
2015-05-30,45.208333333333336
2015-05-31,30.833333333333332
2015-06-01,36.25
2015-06-02,48.833333333333336
2015-06-03,54.541666666666664
2015-06-04,51.523809523809526
2015-06-05,52.166666666666664
2015-06-06,49.541666666666664
2015-06-07,31.791666666666668
2015-06-08,42.75
2015-06-09,48.958333333333336
2015-06-10,68.0
2015-06-11,64.04166666666667
2015-06-12,52.041666666666664
2015-06-13,41.291666666666664
2015-06-14,16.791666666666668
2015-06-15,19.47826086956522
2015-06-16,31.608695652173914
2015-06-17,54.083333333333336
2015-06-18,49.0
2015-06-19,32.0
2015-06-20,28.958333333333332
2015-06-21,34.958333333333336
2015-06-22,49.958333333333336
2015-06-23,58.21739130434783
2015-06-24,65.41666666666667
2015-06-25,45.25
2015-06-26,45.42857142857143
2015-06-27,62.85
2015-06-28,37.125
2015-06-29,55.0
2015-06-30,35.52173913043478
2015-07-01,34.791666666666664
2015-07-02,42.958333333333336
2015-07-03,51.36363636363637
2015-07-04,42.041666666666664
2015-07-05,26.125
2015-07-06,47.0
2015-07-07,56.083333333333336
2015-07-08,50.333333333333336
2015-07-09,43.75
2015-07-10,40.04761904761905
2015-07-11,44.875
2015-07-12,25.695652173913043
2015-07-13,54.083333333333336
2015-07-14,54.333333333333336
2015-07-15,43.875
2015-07-16,48.541666666666664
2015-07-17,41.333333333333336
2015-07-18,45.75
2015-07-19,21.791666666666668
2015-07-20,37.708333333333336
2015-07-21,39.625
2015-07-22,38.666666666666664
2015-07-23,41.416666666666664
2015-07-24,34.666666666666664
2015-07-25,32.869565217391305
2015-07-26,28.833333333333332
2015-07-27,33.166666666666664
2015-07-28,37.291666666666664
2015-07-29,44.75
2015-07-30,42.791666666666664
2015-07-31,49.791666666666664
2015-08-01,39.833333333333336
2015-08-02,37.958333333333336
2015-08-03,48.708333333333336
2015-08-04,52.458333333333336
2015-08-05,45.666666666666664
2015-08-06,37.130434782608695
2015-08-07,33.875
2015-08-08,39.166666666666664
2015-08-09,27.958333333333332
2015-08-10,38.041666666666664
2015-08-11,33.916666666666664
2015-08-12,23.25
2015-08-13,26.041666666666668
2015-08-14,35.125
2015-08-15,30.458333333333332
2015-08-16,34.35
2015-08-17,25.181818181818183
2015-08-18,34.625
2015-08-19,32.625
2015-08-20,55.166666666666664
2015-08-21,44.291666666666664
2015-08-22,44.208333333333336
2015-08-23,23.454545454545453
2015-08-24,37.130434782608695
2015-08-25,19.82608695652174
2015-08-26,19.954545454545453
2015-08-27,24.208333333333332
2015-08-28,28.041666666666668
2015-08-29,27.25
2015-08-30,21.416666666666668
2015-08-31,35.041666666666664
2015-09-01,45.25
2015-09-02,42.5
2015-09-03,53.458333333333336
2015-09-04,43.5
2015-09-05,40.5
2015-09-06,27.416666666666668
2015-09-07,36.333333333333336
2015-09-08,48.625
2015-09-09,46.541666666666664
2015-09-10,39.125
2015-09-11,
2015-09-12,
2015-09-13,
2015-09-14,
2015-09-15,
2015-09-16,
2015-09-17,
2015-09-18,
2015-09-19,
2015-09-20,
2015-09-21,
2015-09-22,
2015-09-23,
2015-09-24,
2015-09-25,
2015-09-26,
2015-09-27,
2015-09-28,
2015-09-29,
2015-09-30,
2015-10-01,
2015-10-02,
2015-10-03,
2015-10-04,
2015-10-05,
2015-10-06,
2015-10-07,
2015-10-08,
2015-10-09,
2015-10-10,
2015-10-11,
2015-10-12,
2015-10-13,
2015-10-14,
2015-10-15,
2015-10-16,
2015-10-17,
2015-10-18,
2015-10-19,
2015-10-20,
2015-10-21,
2015-10-22,
2015-10-23,
2015-10-24,
2015-10-25,
2015-10-26,
2015-10-27,
2015-10-28,
2015-10-29,46.34782608695652
2015-10-30,15.909090909090908
2015-10-31,13.26086956521739
2015-11-01,25.791666666666668
2015-11-02,32.75
2015-11-03,29.291666666666668
2015-11-04,40.583333333333336
2015-11-05,36.291666666666664
2015-11-06,56.833333333333336
2015-11-07,42.25
2015-11-08,14.916666666666666
2015-11-09,20.782608695652176
2015-11-10,43.375
2015-11-11,49.958333333333336
2015-11-12,42.125
2015-11-13,21.272727272727273
2015-11-14,18.166666666666668
2015-11-15,22.0
2015-11-16,41.291666666666664
2015-11-17,44.125
2015-11-18,46.0
2015-11-19,68.45833333333333
2015-11-20,48.666666666666664
2015-11-21,50.875
2015-11-22,22.625
2015-11-23,90.45833333333333
2015-11-24,49.958333333333336
2015-11-25,48.5
2015-11-26,47.76190476190476
2015-11-27,57.375
2015-11-28,62.041666666666664
2015-11-29,39.083333333333336
2015-11-30,60.375
2015-12-01,63.875
2015-12-02,75.33333333333333
2015-12-03,49.869565217391305
2015-12-04,63.875
2015-12-05,62.833333333333336
2015-12-06,61.0
2015-12-07,46.25
2015-12-08,50.583333333333336
2015-12-09,64.73913043478261
2015-12-10,78.25
2015-12-11,81.25
2015-12-12,43.625
2015-12-13,18.5
2015-12-14,37.666666666666664
2015-12-15,32.6
2015-12-16,39.23529411764706
2015-12-17,
2015-12-18,71.83333333333333
2015-12-19,79.54166666666667
2015-12-20,70.0
2015-12-21,76.16666666666667
2015-12-22,58.416666666666664
2015-12-23,52.125
2015-12-24,65.75
2015-12-25,88.30434782608695
2015-12-26,43.82608695652174
2015-12-27,20.583333333333332
2015-12-28,34.625
2015-12-29,35.22727272727273
2015-12-30,47.666666666666664
2015-12-31,66.66666666666667
2016-01-01,113.25
2016-01-02,39.125
2016-01-03,42.0
2016-01-04,61.875
2016-01-05,38.375
2016-01-06,18.791666666666668
2016-01-07,21.916666666666668
2016-01-08,22.208333333333332
2016-01-09,27.166666666666668
2016-01-10,19.0
2016-01-11,26.541666666666668
2016-01-12,41.791666666666664
2016-01-13,24.5
2016-01-14,14.708333333333334
2016-01-15,26.041666666666668
2016-01-16,31.125
2016-01-17,56.666666666666664
2016-01-18,48.416666666666664
2016-01-19,61.625
2016-01-20,58.458333333333336
2016-01-21,53.75
2016-01-22,49.208333333333336
2016-01-23,52.875
2016-01-24,67.33333333333333
2016-01-25,63.75
2016-01-26,39.0
2016-01-27,34.291666666666664
2016-01-28,82.125
2016-01-29,100.20833333333333
2016-01-30,78.0
2016-01-31,44.875
2016-02-01,45.458333333333336
2016-02-02,40.125
2016-02-03,55.291666666666664
2016-02-04,103.66666666666667
2016-02-05,64.66666666666667
2016-02-06,71.70833333333333
2016-02-07,52.791666666666664
2016-02-08,58.083333333333336
2016-02-09,50.875
2016-02-10,61.708333333333336
2016-02-11,55.625
2016-02-12,51.333333333333336
2016-02-13,42.583333333333336
2016-02-14,89.0909090909091
2016-02-15,70.20833333333333
2016-02-16,59.708333333333336
2016-02-17,64.77777777777777
2016-02-18,74.625
2016-02-19,82.25
2016-02-20,71.33333333333333
2016-02-21,74.0
2016-02-22,64.375
2016-02-23,46.125
2016-02-24,74.41666666666667
2016-02-25,70.5
2016-02-26,70.95833333333333
2016-02-27,50.208333333333336
2016-02-28,31.625
2016-02-29,42.875
2016-03-01,45.416666666666664
2016-03-02,33.541666666666664
2016-03-03,44.666666666666664
2016-03-04,26.555555555555557
2016-03-05,29.347826086956523
2016-03-06,32.375
2016-03-07,32.0
2016-03-08,23.125
2016-03-09,8.521739130434783
2016-03-10,10.625
2016-03-11,13.583333333333334
2016-03-12,35.541666666666664
2016-03-13,44.458333333333336
2016-03-14,58.0
2016-03-15,46.166666666666664
2016-03-16,51.458333333333336
2016-03-17,51.666666666666664
2016-03-18,40.208333333333336
2016-03-19,17.833333333333332
2016-03-20,44.708333333333336
2016-03-21,44.541666666666664
2016-03-22,49.75
2016-03-23,36.0
2016-03-24,28.083333333333332
2016-03-25,26.772727272727273
2016-03-26,13.291666666666666
2016-03-27,22.416666666666668
2016-03-28,29.875
2016-03-29,31.125
2016-03-30,31.541666666666668
2016-03-31,38.791666666666664
2016-04-01,26.166666666666668
2016-04-02,33.375
2016-04-03,43.916666666666664
2016-04-04,58.875
2016-04-05,55.083333333333336
2016-04-06,53.833333333333336
2016-04-07,57.416666666666664
2016-04-08,63.375
2016-04-09,57.875
2016-04-10,47.041666666666664
2016-04-11,52.041666666666664
2016-04-12,50.166666666666664
2016-04-13,54.95
2016-04-14,60.208333333333336
2016-04-15,50.291666666666664
2016-04-16,44.75
2016-04-17,55.375
2016-04-18,54.666666666666664
2016-04-19,59.458333333333336
2016-04-20,54.583333333333336
2016-04-21,35.375
2016-04-22,35.75
2016-04-23,46.75
2016-04-24,25.708333333333332
2016-04-25,32.166666666666664
2016-04-26,35.5
2016-04-27,33.583333333333336
2016-04-28,
2016-04-29,36.875
2016-04-30,39.5
2016-05-01,41.375
2016-05-02,62.125
2016-05-03,88.33333333333333
2016-05-04,72.79166666666667
2016-05-05,44.583333333333336
2016-05-06,42.75
2016-05-07,34.391304347826086
2016-05-08,34.5
2016-05-09,48.25
2016-05-10,38.0
2016-05-11,43.791666666666664
2016-05-12,43.0
2016-05-13,37.041666666666664
2016-05-14,50.291666666666664
2016-05-15,38.041666666666664
2016-05-16,33.083333333333336
2016-05-17,39.333333333333336
2016-05-18,58.5
2016-05-19,44.73913043478261
2016-05-20,53.708333333333336
2016-05-21,56.25
2016-05-22,43.041666666666664
2016-05-23,39.208333333333336
2016-05-24,42.958333333333336
2016-05-25,39.875
2016-05-26,40.6
2016-05-27,43.541666666666664
2016-05-28,35.875
2016-05-29,31.666666666666668
2016-05-30,45.208333333333336
2016-05-31,40.958333333333336
2016-06-01,48.208333333333336
2016-06-02,31.875
2016-06-03,35.625
2016-06-04,26.583333333333332
2016-06-05,33.75
2016-06-06,41.291666666666664
2016-06-07,48.541666666666664
2016-06-08,47.291666666666664
2016-06-09,43.916666666666664
2016-06-10,46.5
2016-06-11,29.0625
2016-06-12,25.666666666666668
2016-06-13,19.083333333333332
2016-06-14,25.75
2016-06-15,11.047619047619047
2016-06-16,17.0
2016-06-17,34.80952380952381
2016-06-18,27.208333333333332
2016-06-19,14.714285714285714
2016-06-20,14.541666666666666
2016-06-21,14.75
2016-06-22,19.208333333333332
2016-06-23,31.083333333333332
2016-06-24,43.041666666666664
2016-06-25,40.458333333333336
2016-06-26,26.625
2016-06-27,
2016-06-28,
2016-06-29,22.916666666666668
2016-06-30,27.36842105263158
2016-07-01,31.75
2016-07-02,31.083333333333332
2016-07-03,22.416666666666668
2016-07-04,35.666666666666664
2016-07-05,18.666666666666668
2016-07-06,25.833333333333332
2016-07-07,35.375
2016-07-08,37.416666666666664
2016-07-09,31.055555555555557
2016-07-10,36.458333333333336
2016-07-11,20.5
2016-07-12,25.666666666666668
2016-07-13,32.666666666666664
2016-07-14,33.333333333333336
2016-07-15,51.458333333333336
2016-07-16,40.791666666666664
2016-07-17,22.875
2016-07-18,24.0
2016-07-19,12.958333333333334
2016-07-20,12.291666666666666
2016-07-21,18.6
2016-07-22,21.041666666666668
2016-07-23,16.625
2016-07-24,25.458333333333332
2016-07-25,31.458333333333332
2016-07-26,27.75
2016-07-27,39.666666666666664
2016-07-28,27.458333333333332
2016-07-29,28.041666666666668
2016-07-30,20.291666666666668
2016-07-31,30.791666666666668
2016-08-01,30.625
2016-08-02,34.791666666666664
2016-08-03,30.75
2016-08-04,19.818181818181817
2016-08-05,16.208333333333332
2016-08-06,13.041666666666666
2016-08-07,9.041666666666666
2016-08-08,13.375
2016-08-09,24.958333333333332
2016-08-10,21.625
2016-08-11,37.083333333333336
2016-08-12,41.958333333333336
2016-08-13,35.666666666666664
2016-08-14,21.916666666666668
2016-08-15,26.5
2016-08-16,17.958333333333332
2016-08-17,28.52173913043478
2016-08-18,16.958333333333332
2016-08-19,18.833333333333332
2016-08-20,23.666666666666668
2016-08-21,28.0
2016-08-22,25.666666666666668
2016-08-23,25.65
2016-08-24,33.875
2016-08-25,29.333333333333332
2016-08-26,43.666666666666664
2016-08-27,38.666666666666664
2016-08-28,
2016-08-29,
2016-08-30,32.083333333333336
2016-08-31,33.43478260869565
2016-09-01,29.208333333333332
2016-09-02,20.958333333333332
2016-09-03,17.791666666666668
2016-09-04,14.75
2016-09-05,26.375
2016-09-06,26.333333333333332
2016-09-07,33.291666666666664
2016-09-08,33.0
2016-09-09,45.625
2016-09-10,39.54545454545455
2016-09-11,33.13636363636363
2016-09-12,49.041666666666664
2016-09-13,41.208333333333336
2016-09-14,37.583333333333336
2016-09-15,31.666666666666668
2016-09-16,20.5
2016-09-17,27.375
2016-09-18,16.791666666666668
2016-09-19,18.625
2016-09-20,20.375
2016-09-21,18.291666666666668
2016-09-22,26.391304347826086
2016-09-23,32.791666666666664
2016-09-24,38.375
2016-09-25,33.375
2016-09-26,22.75
2016-09-27,16.083333333333332
2016-09-28,19.916666666666668
2016-09-29,18.3
2016-09-30,21.88888888888889
2016-10-01,31.0
2016-10-02,27.708333333333332
2016-10-03,18.0
2016-10-04,
2016-10-05,
2016-10-06,
2016-10-07,
2016-10-08,
2016-10-09,
2016-10-10,
2016-10-11,
2016-10-12,
2016-10-13,
2016-10-14,33.333333333333336
2016-10-15,44.125
2016-10-16,32.041666666666664
2016-10-17,46.291666666666664
2016-10-18,43.916666666666664
2016-10-19,42.666666666666664
2016-10-20,36.916666666666664
2016-10-21,19.17391304347826
2016-10-22,20.875
2016-10-23,21.625
2016-10-24,31.041666666666668
2016-10-25,26.541666666666668
2016-10-26,35.166666666666664
2016-10-27,17.041666666666668
2016-10-28,24.291666666666668
2016-10-29,19.894736842105264
2016-10-30,27.208333333333332
2016-10-31,34.166666666666664
2016-11-01,40.833333333333336
2016-11-02,37.0
2016-11-03,28.85
2016-11-04,21.375
2016-11-05,22.125
2016-11-06,30.666666666666668
2016-11-07,38.041666666666664
2016-11-08,47.916666666666664
2016-11-09,26.583333333333332
2016-11-10,35.833333333333336
2016-11-11,59.041666666666664
2016-11-12,28.5
2016-11-13,51.083333333333336
2016-11-14,58.541666666666664
2016-11-15,51.958333333333336
2016-11-16,32.208333333333336
2016-11-17,76.75
2016-11-18,51.583333333333336
2016-11-19,21.375
2016-11-20,14.043478260869565
2016-11-21,30.875
2016-11-22,51.75
2016-11-23,52.791666666666664
2016-11-24,56.208333333333336
2016-11-25,70.125
2016-11-26,37.208333333333336
2016-11-27,67.5
2016-11-28,43.95652173913044
2016-11-29,45.75
2016-11-30,52.0
2016-12-01,44.291666666666664
2016-12-02,42.791666666666664
2016-12-03,37.208333333333336
2016-12-04,21.625
2016-12-05,20.458333333333332
2016-12-06,35.34782608695652
2016-12-07,46.75
2016-12-08,63.916666666666664
2016-12-09,34.125
2016-12-10,20.916666666666668
2016-12-11,33.791666666666664
2016-12-12,50.083333333333336
2016-12-13,51.05882352941177
2016-12-14,57.416666666666664
2016-12-15,49.291666666666664
2016-12-16,53.458333333333336
2016-12-17,42.583333333333336
2016-12-18,34.041666666666664
2016-12-19,38.083333333333336
2016-12-20,29.916666666666668
2016-12-21,36.94444444444444
2016-12-22,46.583333333333336
2016-12-23,59.916666666666664
2016-12-24,58.416666666666664
2016-12-25,65.08333333333333
2016-12-26,42.875
2016-12-27,49.5
2016-12-28,29.333333333333332
2016-12-29,34.0
2016-12-30,23.25
2016-12-31,31.0
2017-01-01,
2017-01-02,
2017-01-03,
2017-01-04,
2017-01-05,
2017-01-06,
2017-01-07,
2017-01-08,
2017-01-09,
2017-01-10,
2017-01-11,
2017-01-12,
2017-01-13,
2017-01-14,
2017-01-15,
2017-01-16,
2017-01-17,
2017-01-18,
2017-01-19,44.1
2017-01-20,43.583333333333336
2017-01-21,35.0
2017-01-22,44.458333333333336
2017-01-23,59.041666666666664
2017-01-24,73.08333333333333
2017-01-25,58.473684210526315
2017-01-26,82.125
2017-01-27,68.33333333333333
2017-01-28,76.25
2017-01-29,66.41666666666667
2017-01-30,67.04166666666667
2017-01-31,85.33333333333333
2017-02-01,69.45833333333333
2017-02-02,54.291666666666664
2017-02-03,59.75
2017-02-04,51.333333333333336
2017-02-05,43.208333333333336
2017-02-06,48.458333333333336
2017-02-07,70.125
2017-02-08,57.08695652173913
2017-02-09,48.75
2017-02-10,69.5
2017-02-11,63.166666666666664
2017-02-12,64.5
2017-02-13,58.291666666666664
2017-02-14,54.130434782608695
2017-02-15,41.9
2017-02-16,52.625
2017-02-17,27.45
2017-02-18,46.608695652173914
2017-02-19,33.1
2017-02-20,
2017-02-21,
2017-02-22,
2017-02-23,47.458333333333336
2017-02-24,42.875
2017-02-25,66.58333333333333
2017-02-26,47.95652173913044
2017-02-27,62.25
2017-02-28,65.41666666666667
2017-03-01,78.79166666666667
2017-03-02,49.916666666666664
2017-03-03,40.625
2017-03-04,50.166666666666664
2017-03-05,49.791666666666664
2017-03-06,45.125
2017-03-07,44.291666666666664
2017-03-08,49.458333333333336
2017-03-09,43.375
2017-03-10,56.416666666666664
2017-03-11,51.333333333333336
2017-03-12,38.791666666666664
2017-03-13,34.083333333333336
2017-03-14,31.782608695652176
2017-03-15,34.458333333333336
2017-03-16,42.61904761904762
2017-03-17,38.69565217391305
2017-03-18,42.333333333333336
2017-03-19,32.95652173913044
2017-03-20,39.47826086956522
2017-03-21,40.34782608695652
2017-03-22,43.333333333333336
2017-03-23,58.791666666666664
2017-03-24,63.791666666666664
2017-03-25,43.791666666666664
2017-03-26,29.5
2017-03-27,36.458333333333336
2017-03-28,33.416666666666664
2017-03-29,35.708333333333336
2017-03-30,42.666666666666664
2017-03-31,50.916666666666664
2017-04-01,43.958333333333336
2017-04-02,29.761904761904763
2017-04-03,48.208333333333336
2017-04-04,49.416666666666664
2017-04-05,74.83333333333333
2017-04-06,60.375
2017-04-07,55.833333333333336
2017-04-08,49.625
2017-04-09,47.75
2017-04-10,53.916666666666664
2017-04-11,46.25
2017-04-12,35.1764705882353
2017-04-13,31.291666666666668
2017-04-14,35.0
2017-04-15,32.869565217391305
2017-04-16,26.541666666666668
2017-04-17,32.083333333333336
2017-04-18,30.416666666666668
2017-04-19,36.083333333333336
2017-04-20,34.68421052631579
2017-04-21,39.958333333333336
2017-04-22,44.416666666666664
2017-04-23,33.875
2017-04-24,53.541666666666664
2017-04-25,53.291666666666664
2017-04-26,42.21739130434783
2017-04-27,74.0
2017-04-28,53.916666666666664
2017-04-29,51.19047619047619
2017-04-30,43.791666666666664
2017-05-01,71.125
2017-05-02,63.916666666666664
2017-05-03,69.16666666666667
2017-05-04,61.5
2017-05-05,49.375
2017-05-06,46.25
2017-05-07,47.25
2017-05-08,51.541666666666664
2017-05-09,61.375
2017-05-10,61.78260869565217
2017-05-11,48.375
2017-05-12,46.958333333333336
2017-05-13,35.833333333333336
2017-05-14,45.833333333333336
2017-05-15,60.416666666666664
2017-05-16,62.041666666666664
2017-05-17,66.875
2017-05-18,65.56521739130434
2017-05-19,48.416666666666664
2017-05-20,60.083333333333336
2017-05-21,58.458333333333336
2017-05-22,70.33333333333333
2017-05-23,61.8
2017-05-24,57.708333333333336
2017-05-25,35.458333333333336
2017-05-26,39.416666666666664
2017-05-27,44.208333333333336
2017-05-28,38.166666666666664
2017-05-29,36.43478260869565
2017-05-30,21.0
2017-05-31,24.25
2017-06-01,26.208333333333332
2017-06-02,26.956521739130434
2017-06-03,35.5
2017-06-04,37.416666666666664
2017-06-05,38.208333333333336
2017-06-06,40.541666666666664
2017-06-07,41.666666666666664
2017-06-08,32.5
2017-06-09,45.411764705882355
2017-06-10,
2017-06-11,26.625
2017-06-12,39.47826086956522
2017-06-13,37.875
2017-06-14,17.08695652173913
2017-06-15,23.0
2017-06-16,29.304347826086957
2017-06-17,32.04761904761905
2017-06-18,23.0
2017-06-19,21.25
2017-06-20,25.130434782608695
2017-06-21,34.708333333333336
2017-06-22,40.083333333333336
2017-06-23,36.86363636363637
2017-06-24,35.07142857142857
2017-06-25,
2017-06-26,
2017-06-27,
2017-06-28,25.695652173913043
2017-06-29,35.125
2017-06-30,27.708333333333332
2017-07-01,25.166666666666668
2017-07-02,21.05263157894737
2017-07-03,27.041666666666668
2017-07-04,28.041666666666668
2017-07-05,30.166666666666668
2017-07-06,24.608695652173914
2017-07-07,21.57894736842105
2017-07-08,21.058823529411764
2017-07-09,23.541666666666668
2017-07-10,27.833333333333332
2017-07-11,33.125
2017-07-12,41.333333333333336
2017-07-13,
2017-07-14,
2017-07-15,
2017-07-16,
2017-07-17,
2017-07-18,
2017-07-19,
2017-07-20,
2017-07-21,
2017-07-22,
2017-07-23,
2017-07-24,
2017-07-25,
2017-07-26,
2017-07-27,36.958333333333336
2017-07-28,38.666666666666664
2017-07-29,41.583333333333336
2017-07-30,30.434782608695652
2017-07-31,30.333333333333332
2017-08-01,35.63636363636363
2017-08-02,33.285714285714285
2017-08-03,26.75
2017-08-04,27.666666666666668
2017-08-05,35.791666666666664
2017-08-06,24.4375
2017-08-07,27.916666666666668
2017-08-08,36.2
2017-08-09,
2017-08-10,14.4
2017-08-11,33.791666666666664
2017-08-12,29.416666666666668
2017-08-13,22.541666666666668
2017-08-14,24.583333333333332
2017-08-15,44.17391304347826
2017-08-16,25.470588235294116
2017-08-17,22.318181818181817
2017-08-18,28.47826086956522
2017-08-19,27.0
2017-08-20,25.90909090909091
2017-08-21,24.782608695652176
2017-08-22,22.208333333333332
2017-08-23,25.91304347826087
2017-08-24,20.833333333333332
2017-08-25,39.708333333333336
2017-08-26,36.875
2017-08-27,29.958333333333332
2017-08-28,20.833333333333332
2017-08-29,15.75
2017-08-30,23.541666666666668
2017-08-31,33.0
2017-09-01,24.958333333333332
2017-09-02,19.166666666666668
2017-09-03,13.347826086956522
2017-09-04,22.695652173913043
2017-09-05,17.05263157894737
2017-09-06,22.91304347826087
2017-09-07,17.045454545454547
2017-09-08,31.357142857142858
2017-09-09,13.333333333333334
2017-09-10,12.833333333333334
2017-09-11,30.95
2017-09-12,46.42857142857143
2017-09-13,50.708333333333336
2017-09-14,48.958333333333336
2017-09-15,41.333333333333336
2017-09-16,37.916666666666664
2017-09-17,18.166666666666668
2017-09-18,
2017-09-19,
2017-09-20,
2017-09-21,
2017-09-22,
2017-09-23,23.5
2017-09-24,17.823529411764707
2017-09-25,26.666666666666668
2017-09-26,42.041666666666664
2017-09-27,28.583333333333332
2017-09-28,18.42105263157895
2017-09-29,15.791666666666666
2017-09-30,13.08695652173913
2017-10-01,10.666666666666666
2017-10-02,13.708333333333334
2017-10-03,18.789473684210527
2017-10-04,15.25
2017-10-05,20.1
2017-10-06,24.904761904761905
2017-10-07,31.304347826086957
2017-10-08,24.375
2017-10-09,29.083333333333332
2017-10-10,26.41176470588235
2017-10-11,17.9
2017-10-12,17.55
2017-10-13,17.866666666666667
2017-10-14,20.916666666666668
2017-10-15,25.347826086956523
2017-10-16,13.91304347826087
2017-10-17,20.22222222222222
2017-10-18,38.708333333333336
2017-10-19,46.791666666666664
2017-10-20,45.333333333333336
2017-10-21,47.833333333333336
2017-10-22,32.47826086956522
2017-10-23,21.181818181818183
2017-10-24,21.095238095238095
2017-10-25,26.333333333333332
2017-10-26,58.5
2017-10-27,52.875
2017-10-28,42.416666666666664
2017-10-29,44.708333333333336
2017-10-30,50.25
2017-10-31,46.666666666666664
2017-11-01,52.416666666666664
2017-11-02,42.583333333333336
2017-11-03,28.26086956521739
2017-11-04,39.391304347826086
2017-11-05,42.666666666666664
2017-11-06,54.791666666666664
2017-11-07,51.78260869565217
2017-11-08,52.6
2017-11-09,60.291666666666664
2017-11-10,51.875
2017-11-11,38.958333333333336
2017-11-12,39.25
2017-11-13,31.0
2017-11-14,26.291666666666668
2017-11-15,41.75
2017-11-16,49.125
2017-11-17,66.41666666666667
2017-11-18,51.875
2017-11-19,25.956521739130434
2017-11-20,58.083333333333336
2017-11-21,55.291666666666664
2017-11-22,48.416666666666664
2017-11-23,55.541666666666664
2017-11-24,81.16666666666667
2017-11-25,69.08333333333333
2017-11-26,45.72222222222222
2017-11-27,44.291666666666664
2017-11-28,67.875
2017-11-29,75.08333333333333
2017-11-30,59.791666666666664
2017-12-01,83.5
2017-12-02,89.91666666666667
2017-12-03,71.5
2017-12-04,76.95833333333333
2017-12-05,77.83333333333333
2017-12-06,69.84210526315789
2017-12-07,51.791666666666664
2017-12-08,36.21739130434783
2017-12-09,50.5
2017-12-10,33.125
2017-12-11,82.875
2017-12-12,65.875
2017-12-13,78.41666666666667
2017-12-14,104.875
2017-12-15,56.0
2017-12-16,33.8
2017-12-17,49.59090909090909
2017-12-18,51.875
2017-12-19,65.79166666666667
2017-12-20,64.95833333333333
2017-12-21,78.79166666666667
2017-12-22,69.16666666666667
2017-12-23,75.75
2017-12-24,63.0
2017-12-25,49.583333333333336
2017-12-26,58.625
2017-12-27,66.625
2017-12-28,54.0
2017-12-29,60.041666666666664
2017-12-30,52.083333333333336
2017-12-31,71.25
2018-01-01,63.916666666666664
2018-01-02,46.666666666666664
2018-01-03,67.16666666666667
2018-01-04,76.0
2018-01-05,73.79166666666667
2018-01-06,59.125
2018-01-07,52.458333333333336
2018-01-08,64.125
2018-01-09,61.416666666666664
2018-01-10,83.20833333333333
2018-01-11,84.16666666666667
2018-01-12,57.291666666666664
2018-01-13,73.54166666666667
2018-01-14,43.833333333333336
2018-01-15,59.333333333333336
2018-01-16,78.08333333333333
2018-01-17,58.0
2018-01-18,66.375
2018-01-19,63.666666666666664
2018-01-20,51.458333333333336
2018-01-21,43.791666666666664
2018-01-22,58.526315789473685
2018-01-23,74.0
2018-01-24,57.833333333333336
2018-01-25,39.5
2018-01-26,51.291666666666664
2018-01-27,48.708333333333336
2018-01-28,23.375
2018-01-29,16.952380952380953
2018-01-30,39.625
2018-01-31,49.73913043478261
2018-02-01,50.083333333333336
2018-02-02,55.05
2018-02-03,67.5
2018-02-04,56.625
2018-02-05,37.125
2018-02-06,43.0
2018-02-07,
2018-02-08,
2018-02-09,
2018-02-10,
2018-02-11,
2018-02-12,
2018-02-13,
2018-02-14,
2018-02-15,
2018-02-16,
2018-02-17,
2018-02-18,
2018-02-19,
2018-02-20,
2018-02-21,
2018-02-22,
2018-02-23,
2018-02-24,
2018-02-25,
2018-02-26,
2018-02-27,
2018-02-28,
2018-03-01,
2018-03-02,
2018-03-03,
2018-03-04,
2018-03-05,
2018-03-06,
2018-03-07,
2018-03-08,
2018-03-09,
2018-03-10,51.0
2018-03-11,47.25
2018-03-12,54.875
2018-03-13,53.125
2018-03-14,62.416666666666664
2018-03-15,55.416666666666664
2018-03-16,55.916666666666664
2018-03-17,42.916666666666664
2018-03-18,41.916666666666664
2018-03-19,39.041666666666664
2018-03-20,61.916666666666664
2018-03-21,57.416666666666664
2018-03-22,45.375
2018-03-23,44.857142857142854
2018-03-24,40.27272727272727
2018-03-25,38.541666666666664
2018-03-26,55.85
2018-03-27,58.291666666666664
2018-03-28,58.833333333333336
2018-03-29,47.208333333333336
2018-03-30,33.833333333333336
2018-03-31,25.083333333333332
2018-04-01,34.130434782608695
2018-04-02,42.041666666666664
2018-04-03,40.666666666666664
2018-04-04,50.916666666666664
2018-04-05,41.125
2018-04-06,47.375
2018-04-07,44.25
2018-04-08,34.5
2018-04-09,39.208333333333336
2018-04-10,41.833333333333336
2018-04-11,34.391304347826086
2018-04-12,31.208333333333332
2018-04-13,33.708333333333336
2018-04-14,26.391304347826086
2018-04-15,64.5
2018-04-16,58.083333333333336
2018-04-17,48.958333333333336
2018-04-18,47.125
2018-04-19,46.27272727272727
2018-04-20,51.27272727272727
2018-04-21,51.875
2018-04-22,38.666666666666664
2018-04-23,47.375
2018-04-24,45.69565217391305
2018-04-25,43.25
2018-04-26,58.375
2018-04-27,56.15
2018-04-28,50.94117647058823
2018-04-29,45.875
2018-04-30,40.083333333333336
2018-05-01,26.541666666666668
2018-05-02,35.43478260869565
2018-05-03,39.0
2018-05-04,50.40909090909091
2018-05-05,12.714285714285714
2018-05-06,23.869565217391305
2018-05-07,34.714285714285715
2018-05-08,37.333333333333336
2018-05-09,38.708333333333336
2018-05-10,40.125
2018-05-11,42.25
2018-05-12,37.75
2018-05-13,37.208333333333336
2018-05-14,40.375
2018-05-15,44.166666666666664
2018-05-16,41.541666666666664
2018-05-17,38.95652173913044
2018-05-18,42.625
2018-05-19,44.75
2018-05-20,32.083333333333336
2018-05-21,47.208333333333336
2018-05-22,45.5
2018-05-23,45.666666666666664
2018-05-24,48.416666666666664
2018-05-25,42.333333333333336
2018-05-26,36.43478260869565
2018-05-27,32.541666666666664
2018-05-28,38.09090909090909
2018-05-29,40.458333333333336
2018-05-30,45.958333333333336
2018-05-31,42.125
2018-06-01,51.541666666666664
2018-06-02,32.041666666666664
2018-06-03,30.047619047619047
2018-06-04,24.47826086956522
2018-06-05,47.416666666666664
2018-06-06,55.666666666666664
2018-06-07,46.04347826086956
2018-06-08,33.34782608695652
2018-06-09,31.958333333333332
2018-06-10,31.291666666666668
2018-06-11,36.083333333333336
2018-06-12,34.26315789473684
2018-06-13,16.125
2018-06-14,26.333333333333332
2018-06-15,33.5
2018-06-16,29.416666666666668
2018-06-17,12.736842105263158
2018-06-18,14.208333333333334
2018-06-19,19.944444444444443
2018-06-20,22.94736842105263
2018-06-21,28.818181818181817
2018-06-22,20.304347826086957
2018-06-23,20.458333333333332
2018-06-24,20.40909090909091
2018-06-25,29.791666666666668
2018-06-26,34.583333333333336
2018-06-27,32.130434782608695
2018-06-28,22.454545454545453
2018-06-29,33.666666666666664
2018-06-30,30.958333333333332
2018-07-01,38.0
2018-07-02,46.208333333333336
2018-07-03,41.5
2018-07-04,47.958333333333336
2018-07-05,33.68181818181818
2018-07-06,27.636363636363637
2018-07-07,22.772727272727273
2018-07-08,23.708333333333332
2018-07-09,35.708333333333336
2018-07-10,25.208333333333332
2018-07-11,37.791666666666664
2018-07-12,38.8
2018-07-13,47.47826086956522
2018-07-14,29.0
2018-07-15,51.166666666666664
2018-07-16,67.875
2018-07-17,38.791666666666664
2018-07-18,34.458333333333336
2018-07-19,33.75
2018-07-20,32.416666666666664
2018-07-21,30.15
2018-07-22,38.125
2018-07-23,41.583333333333336
2018-07-24,37.875
2018-07-25,32.69565217391305
2018-07-26,34.666666666666664
2018-07-27,33.833333333333336
2018-07-28,17.647058823529413
2018-07-29,25.227272727272727
2018-07-30,29.125
2018-07-31,29.416666666666668
2018-08-01,20.125
2018-08-02,17.565217391304348
2018-08-03,16.625
2018-08-04,25.5
2018-08-05,16.333333333333332
2018-08-06,20.130434782608695
2018-08-07,29.458333333333332
2018-08-08,35.208333333333336
2018-08-09,32.34782608695652
2018-08-10,28.73913043478261
2018-08-11,32.34782608695652
2018-08-12,22.347826086956523
2018-08-13,26.666666666666668
2018-08-14,33.416666666666664
2018-08-15,37.208333333333336
2018-08-16,33.083333333333336
2018-08-17,34.333333333333336
2018-08-18,26.695652173913043
2018-08-19,21.904761904761905
2018-08-20,24.130434782608695
2018-08-21,20.75
2018-08-22,19.65
2018-08-23,27.791666666666668
2018-08-24,30.666666666666668
2018-08-25,31.916666666666668
2018-08-26,15.375
2018-08-27,24.333333333333332
2018-08-28,15.708333333333334
2018-08-29,27.875
2018-08-30,20.73913043478261
2018-08-31,24.0
2018-09-01,24.125
2018-09-02,28.833333333333332
2018-09-03,34.875
2018-09-04,35.833333333333336
2018-09-05,26.708333333333332
2018-09-06,21.52173913043478
2018-09-07,36.041666666666664
2018-09-08,35.041666666666664
2018-09-09,37.375
2018-09-10,33.22222222222222
2018-09-11,
2018-09-12,
2018-09-13,
2018-09-14,
2018-09-15,
2018-09-16,
2018-09-17,
2018-09-18,
2018-09-19,
2018-09-20,
2018-09-21,
2018-09-22,
2018-09-23,
2018-09-24,
2018-09-25,
2018-09-26,
2018-09-27,
2018-09-28,
2018-09-29,
2018-09-30,
2018-10-01,
2018-10-02,
2018-10-03,18.708333333333332
2018-10-04,19.782608695652176
2018-10-05,27.541666666666668
2018-10-06,36.75
2018-10-07,35.041666666666664
2018-10-08,44.166666666666664
2018-10-09,28.875
2018-10-10,37.708333333333336
2018-10-11,42.75
2018-10-12,36.041666666666664
2018-10-13,30.75
2018-10-14,17.09090909090909
2018-10-15,28.583333333333332
2018-10-16,32.5
2018-10-17,23.7
2018-10-18,19.666666666666668
2018-10-19,22.0
2018-10-20,17.791666666666668
2018-10-21,10.875
2018-10-22,16.541666666666668
2018-10-23,34.791666666666664
2018-10-24,40.166666666666664
2018-10-25,45.666666666666664
2018-10-26,49.583333333333336
2018-10-27,35.75
2018-10-28,16.73913043478261
2018-10-29,21.25
2018-10-30,33.875
2018-10-31,38.208333333333336
2018-11-01,36.083333333333336
2018-11-02,30.954545454545453
2018-11-03,20.416666666666668
2018-11-04,28.041666666666668
2018-11-05,27.73913043478261
2018-11-06,41.208333333333336
2018-11-07,46.416666666666664
2018-11-08,44.25
2018-11-09,43.166666666666664
2018-11-10,34.291666666666664
2018-11-11,48.25
2018-11-12,34.958333333333336
2018-11-13,41.208333333333336
2018-11-14,36.869565217391305
2018-11-15,39.25
2018-11-16,52.083333333333336
2018-11-17,45.833333333333336
2018-11-18,48.25
2018-11-19,51.041666666666664
2018-11-20,55.375
2018-11-21,64.70833333333333
2018-11-22,67.58333333333333
2018-11-23,71.54166666666667
2018-11-24,66.25
2018-11-25,38.05
2018-11-26,65.58333333333333
2018-11-27,53.73913043478261
2018-11-28,28.681818181818183
2018-11-29,15.08695652173913
2018-11-30,21.08695652173913
2018-12-01,25.217391304347824
2018-12-02,25.0
2018-12-03,48.166666666666664
2018-12-04,63.391304347826086
2018-12-05,44.25
2018-12-06,38.95
2018-12-07,34.708333333333336
2018-12-08,33.1
2018-12-09,37.583333333333336
2018-12-10,55.75
2018-12-11,82.875
2018-12-12,65.75
2018-12-13,29.5
2018-12-14,44.166666666666664
2018-12-15,80.91666666666667
2018-12-16,68.33333333333333
2018-12-17,66.375
2018-12-18,75.79166666666667
2018-12-19,25.782608695652176
2018-12-20,36.916666666666664
2018-12-21,65.75
2018-12-22,77.33333333333333
2018-12-23,69.04166666666667
2018-12-24,61.083333333333336
2018-12-25,113.16666666666667
2018-12-26,45.791666666666664
2018-12-27,29.541666666666668
2018-12-28,35.25
2018-12-29,44.958333333333336
2018-12-30,45.82608695652174
2018-12-31,34.041666666666664
2019-01-01,77.375
2019-01-02,64.54166666666667
2019-01-03,48.578947368421055
2019-01-04,60.083333333333336
2019-01-05,71.16666666666667
2019-01-06,53.916666666666664
2019-01-07,63.375
2019-01-08,61.125
2019-01-09,52.25
2019-01-10,41.833333333333336
2019-01-11,41.25
2019-01-12,49.708333333333336
2019-01-13,30.958333333333332
2019-01-14,38.416666666666664
2019-01-15,54.833333333333336
2019-01-16,
2019-01-17,58.208333333333336
2019-01-18,49.75
2019-01-19,50.125
2019-01-20,40.708333333333336
2019-01-21,53.666666666666664
2019-01-22,44.375
2019-01-23,44.833333333333336
2019-01-24,48.916666666666664
2019-01-25,37.458333333333336
2019-01-26,39.083333333333336
2019-01-27,21.095238095238095
2019-01-28,46.416666666666664
2019-01-29,57.75
2019-01-30,35.708333333333336
2019-01-31,38.083333333333336
2019-02-01,45.25
2019-02-02,56.333333333333336
2019-02-03,56.916666666666664
2019-02-04,52.333333333333336
2019-02-05,63.666666666666664
2019-02-06,67.0
2019-02-07,68.16666666666667
2019-02-08,45.0
2019-02-09,47.375
2019-02-10,45.27272727272727
2019-02-11,48.416666666666664
2019-02-12,60.375
2019-02-13,56.08695652173913
2019-02-14,53.125
2019-02-15,44.083333333333336
2019-02-16,46.625
2019-02-17,36.130434782608695
2019-02-18,40.26086956521739
2019-02-19,26.0
2019-02-20,27.956521739130434
2019-02-21,
2019-02-22,24.75
2019-02-23,37.041666666666664
2019-02-24,30.125
2019-02-25,34.625
2019-02-26,35.833333333333336
2019-02-27,37.75
2019-02-28,45.583333333333336
2019-03-01,58.041666666666664
2019-03-02,47.208333333333336
2019-03-03,47.625
2019-03-04,38.083333333333336
2019-03-05,44.25
2019-03-06,43.166666666666664
2019-03-07,43.0
2019-03-08,39.416666666666664
2019-03-09,42.458333333333336
2019-03-10,55.583333333333336
2019-03-11,50.916666666666664
2019-03-12,34.375
2019-03-13,47.541666666666664
2019-03-14,51.958333333333336
2019-03-15,55.541666666666664
2019-03-16,48.708333333333336
2019-03-17,46.208333333333336
2019-03-18,36.291666666666664
2019-03-19,36.9
2019-03-20,43.166666666666664
2019-03-21,41.5
2019-03-22,35.083333333333336
2019-03-23,
2019-03-24,33.5
2019-03-25,27.041666666666668
2019-03-26,28.130434782608695
2019-03-27,34.875
2019-03-28,37.625
2019-03-29,52.0
2019-03-30,57.791666666666664
2019-03-31,52.5
2019-04-01,46.041666666666664
2019-04-02,41.833333333333336
2019-04-03,44.375
2019-04-04,46.57142857142857
2019-04-05,50.958333333333336
2019-04-06,45.666666666666664
2019-04-07,41.083333333333336
2019-04-08,48.791666666666664
2019-04-09,30.73913043478261
2019-04-10,46.625
2019-04-11,47.958333333333336
2019-04-12,50.833333333333336
2019-04-13,38.82608695652174
2019-04-14,71.375
2019-04-15,65.625
2019-04-16,60.416666666666664
2019-04-17,51.916666666666664
2019-04-18,38.166666666666664
2019-04-19,39.041666666666664
2019-04-20,34.666666666666664
2019-04-21,43.708333333333336
2019-04-22,50.21052631578947
2019-04-23,60.083333333333336
2019-04-24,61.416666666666664
2019-04-25,58.333333333333336
2019-04-26,58.208333333333336
2019-04-27,60.708333333333336
2019-04-28,61.625
2019-04-29,61.375
2019-04-30,46.65217391304348
2019-05-01,36.56521739130435
2019-05-02,35.208333333333336
2019-05-03,48.583333333333336
2019-05-04,58.416666666666664
2019-05-05,51.416666666666664
2019-05-06,52.958333333333336
2019-05-07,53.583333333333336
2019-05-08,41.476190476190474
2019-05-09,48.916666666666664
2019-05-10,57.333333333333336
2019-05-11,87.375
2019-05-12,92.25
2019-05-13,100.0
2019-05-14,99.56521739130434
2019-05-15,
2019-05-16,87.375
2019-05-17,46.5
2019-05-18,43.041666666666664
2019-05-19,41.416666666666664
2019-05-20,44.5
2019-05-21,56.666666666666664
2019-05-22,45.708333333333336
2019-05-23,51.833333333333336
2019-05-24,53.25
2019-05-25,52.25
2019-05-26,35.916666666666664
2019-05-27,46.208333333333336
2019-05-28,59.041666666666664
2019-05-29,54.208333333333336
2019-05-30,52.708333333333336
2019-05-31,42.541666666666664
2019-06-01,21.75
2019-06-02,14.35
2019-06-03,21.458333333333332
2019-06-04,20.666666666666668
2019-06-05,20.82608695652174
2019-06-06,23.545454545454547
2019-06-07,32.47826086956522
2019-06-08,32.26086956521739
2019-06-09,35.583333333333336
2019-06-10,34.25
2019-06-11,21.17391304347826
2019-06-12,40.416666666666664
2019-06-13,20.347826086956523
2019-06-14,22.958333333333332
2019-06-15,37.041666666666664
2019-06-16,37.869565217391305
2019-06-17,38.17391304347826
2019-06-18,29.91304347826087
2019-06-19,36.958333333333336
2019-06-20,48.0
2019-06-21,40.625
2019-06-22,32.083333333333336
2019-06-23,31.565217391304348
2019-06-24,24.61904761904762
2019-06-25,23.5
2019-06-26,29.916666666666668
2019-06-27,24.52173913043478
2019-06-28,22.375
2019-06-29,17.125
2019-06-30,27.652173913043477
2019-07-01,25.0
2019-07-02,22.7
2019-07-03,23.3
2019-07-04,38.291666666666664
2019-07-05,45.083333333333336
2019-07-06,32.583333333333336
2019-07-07,33.291666666666664
2019-07-08,35.708333333333336
2019-07-09,37.458333333333336
2019-07-10,29.041666666666668
2019-07-11,34.541666666666664
2019-07-12,32.208333333333336
2019-07-13,27.75
2019-07-14,31.916666666666668
2019-07-15,30.416666666666668
2019-07-16,30.043478260869566
2019-07-17,28.0
2019-07-18,37.583333333333336
2019-07-19,23.291666666666668
2019-07-20,35.125
2019-07-21,20.541666666666668
2019-07-22,25.166666666666668
2019-07-23,28.5
2019-07-24,28.916666666666668
2019-07-25,33.0
2019-07-26,26.375
2019-07-27,19.125
2019-07-28,21.91304347826087
2019-07-29,25.208333333333332
2019-07-30,35.166666666666664
2019-07-31,40.63157894736842
2019-08-01,33.625
2019-08-02,32.791666666666664
2019-08-03,31.416666666666668
2019-08-04,31.708333333333332
2019-08-05,23.85
2019-08-06,27.125
2019-08-07,17.458333333333332
2019-08-08,19.047619047619047
2019-08-09,40.958333333333336
2019-08-10,21.25
2019-08-11,24.625
2019-08-12,
2019-08-13,
2019-08-14,
2019-08-15,
2019-08-16,
2019-08-17,
2019-08-18,
2019-08-19,
2019-08-20,
2019-08-21,
2019-08-22,
2019-08-23,
2019-08-24,
2019-08-25,
2019-08-26,
2019-08-27,
2019-08-28,
2019-08-29,
2019-08-30,
2019-08-31,
2019-09-01,
2019-09-02,
2019-09-03,
2019-09-04,
2019-09-05,
2019-09-06,
2019-09-07,
2019-09-08,
2019-09-09,
2019-09-10,
2019-09-11,24.375
2019-09-12,18.72222222222222
2019-09-13,18.791666666666668
2019-09-14,15.041666666666666
2019-09-15,19.291666666666668
2019-09-16,30.541666666666668
2019-09-17,31.291666666666668
2019-09-18,12.916666666666666
2019-09-19,27.833333333333332
2019-09-20,36.416666666666664
2019-09-21,26.0
2019-09-22,26.166666666666668
2019-09-23,34.91304347826087
2019-09-24,37.25
2019-09-25,46.125
2019-09-26,37.541666666666664
2019-09-27,28.869565217391305
2019-09-28,28.0
2019-09-29,10.08695652173913
2019-09-30,9.947368421052632
2019-10-01,18.09090909090909
2019-10-02,20.608695652173914
2019-10-03,19.82608695652174
2019-10-04,26.875
2019-10-05,28.583333333333332
2019-10-06,23.130434782608695
2019-10-07,19.125
2019-10-08,17.0
2019-10-09,17.695652173913043
2019-10-10,31.25
2019-10-11,30.166666666666668
2019-10-12,23.434782608695652
2019-10-13,30.125
2019-10-14,32.583333333333336
2019-10-15,39.791666666666664
2019-10-16,23.416666666666668
